"key","de","ar","et","it"
"THE__YOU__MOVE__ANY","Bewege dich!","تحرّك!",,
"THE__YOU__STORE_IN_BIG_STORAGE__ANY",,,,
"THE__YOU__STORE_IN_BIG_STORAGE__A__BUS","Steig in einen Bus!","اركب الحافلة!",,
"THE__YOU__STORE_IN_BIG_STORAGE__A__BUS__BLUE","Steig in einen blauen Bus!","اركب حافلة زرقاء!",,
"THE__YOU__STORE_IN_BIG_STORAGE__A__BUS__RED_AND_YELLOW","Steig in einen roten und gelben Bus!","اركب حافلة حمراء وصفراء!",,
"THE__YOU__STORE_IN_BIG_STORAGE__THE__BUS__BLUE","Steig in den blauen Bus!","اركب الحافلة الزرقاء!",,
"THE__YOU__STORE_IN_BIG_STORAGE__THE__BUS__RED_AND_YELLOW","Steig in den roten und gelben Bus!","اركب الحافلة الحمراء والصفراء!",,
"ANY__TRAVEL__ANY",,,,
"ANY__TRAVEL__A__PARKING_LOT__INFRONT_OF__THE__BUILDING","Parke das Auto vor dem Gebäude!","أوقف السيارة أمام المبنى!",,
"ANY__TRAVEL__A__PARKING_LOT__INFRONT_OF__THE__CHURCH","Parke das Auto vor der Kirche!","أوقف السيارة أمام الكنيسة!",,
"ANY__TRAVEL__A__PARKING_LOT__INFRONT_OF__THE__HOUSE","Parke das Auto vor dem Haus!","أوقف السيارة أمام المنزل!",,
"ANY__TRAVEL__THE__PARKING_LOT__INFRONT_OF__THE__BUILDING","Parke das Auto vor dem Gebäude!","أوقف السيارة أمام المبنى!",,
"ANY__TRAVEL__THE__PARKING_LOT__INFRONT_OF__THE__CHURCH","Parke das Auto vor der Kirche!","أوقف السيارة أمام الكنيسة!",,
"ANY__TRAVEL__THE__PARKING_LOT__INFRONT_OF__THE__HOUSE","Parke das Auto vor dem Haus!","أوقف السيارة أمام المنزل!",,
"THE__CAR__MOVE__ANY",,,,
"THE__CAR__TRAVEL__ANY","Fahre mit dem Auto!","السفر بالسيارة",,
"THE__CAR__TRAVEL__A__PARKING_LOT__INFRONT_OF__THE__BUILDING","Parke das Auto vor dem Gebäude!","أوقف السيارة أمام المبنى!",,
"THE__CAR__TRAVEL__A__PARKING_LOT__INFRONT_OF__THE__CHURCH","Parke das Auto vor der Kirche!","أوقف السيارة أمام الكنيسة!",,
"THE__CAR__TRAVEL__A__PARKING_LOT__INFRONT_OF__THE__HOUSE","Parke das Auto vor dem Haus!","أوقف السيارة أمام المنزل!",,
"THE__CAR__TRAVEL__THE__PARKING_LOT__INFRONT_OF__THE__BUILDING","Parke das Auto vor dem Gebäude!","أوقف السيارة أمام المبنى!",,
"THE__CAR__TRAVEL__THE__PARKING_LOT__INFRONT_OF__THE__CHURCH","Parke das Auto vor der Kirche!","أوقف السيارة أمام الكنيسة!",,
"THE__CAR__TRAVEL__THE__PARKING_LOT__INFRONT_OF__THE__HOUSE","Parke das Auto vor dem Haus!","أوقف السيارة أمام المنزل!",,
"ANY__TRAVEL__A__PARKING_LOT__BEHIND__THE__BUILDING",,,,
"ANY__TRAVEL__A__PARKING_LOT__BEHIND__THE__CHURCH",,,,
"ANY__TRAVEL__A__PARKING_LOT__BEHIND__THE__HOUSE",,,,
"THE__CAR__TRAVEL__A__PARKING_LOT__BEHIND__THE__BUILDING","Parke das Auto hinter dem Gebäude!","أوقف السيارة خلف المبنى!",,
"THE__CAR__TRAVEL__A__PARKING_LOT__BEHIND__THE__CHURCH","Parke das Auto hinter der Kirche!","أوقف السيارة خلف الكنيسة!",,
"THE__CAR__TRAVEL__A__PARKING_LOT__BEHIND__THE__HOUSE","Parke das Auto hinter dem Haus!","أوقف السيارة خلف المنزل!",,
"ANY__CUT__ANY",,,,
"ANY__CUT__THE__FRUIT","Schneide das Obst!","اقطع الفاكهة",,
"ANY__CUT__THE__KIWI","Schneide die Kiwi!","اقطع الكيوي",,
"ANY__STORE_IN_BIG_STORAGE__THE__BUS",,,,
"ANY__TRAVEL__THE__HUT__INSIDE",,,,
"A__BACKPACK__STORE_IN_MEDIUM_STORAGE__THE__CAR__WHITE","Packe einen Rucksack in das weiße Auto!","احزم حقيبة ظهر في السيارة البيضاء!",,
"A__HAMMER__STORE_IN_MEDIUM_STORAGE__THE__CAR__BLUE","Packe einen Hammer in das blaue Auto!","احزم مطرقة في السيارة الزرقاء!",,
"A__HAMMER__STORE_IN_MEDIUM_STORAGE__THE__CAR__PINK","Packe einen Hammer in das pinke Auto!","احزم مطرقة في السيارة الوردية!",,
"A__HAMMER__STORE_IN_MEDIUM_STORAGE__THE__CAR__PURPLE","Packe einen Hammer in das lila Auto!","احزم مطرقة في السيارة البنفسجية!",,
"A__HAMMER__STORE_IN_MEDIUM_STORAGE__THE__CAR__RED","Packe einen Hammer in das rote Auto!","احزم مطرقة في السيارة الحمراء!",,
"A__HAMMER__STORE_IN_MEDIUM_STORAGE__THE__CAR__SILVER","Packe einen Hammer in das silberne Auto!","ضع مطرقة في السيارة الفضية!",,
"A__HAMMER__STORE_IN_MEDIUM_STORAGE__THE__CAR__WHITE","Packe einen Hammer in das weiße Auto!","ضع مطرقة في السيارة البيضاء!",,
"A__HAMMER__STORE_IN_SMALL_STORAGE__ANY",,,,
"A__HAMMER__STORE_IN_SMALL_STORAGE__THE__BACKPACK","Packe einen Hammer in den Rucksack!","ضع مطرقة في حقيبة الظهر!",,
"A__MELON__STORE_IN_MEDIUM_STORAGE__THE__CAR__RED","Packe eine Melone in das rote Auto!","ضع بطيخة في السيارة الحمراء!",,
"A__MELON__STORE_IN_MEDIUM_STORAGE__THE__CAR__YELLOW","Packe eine Melone in das gelbe Auto!","ضع بطيخة في السيارة الصفراء!",,
"A__MELON__STORE_IN_SMALL_STORAGE__THE__BACKPACK","Packe eine Melone in den Rucksack!","ضع بطيخة في حقيبة الظهر!",,
"A__PINEAPPLE__STORE_IN_MEDIUM_STORAGE__THE__CAR__BLACK","Packe eine Ananas in das schwarze Auto!","ضع أناناس في السيارة السوداء!",,
"A__PINEAPPLE__STORE_IN_MEDIUM_STORAGE__THE__CAR__PURPLE","Packe eine Ananas in das lila Auto!","ضع أناناس في السيارة البنفسجية!",,
"A__PINEAPPLE__STORE_IN_MEDIUM_STORAGE__THE__CAR__RED","Packe eine Ananas in das rote Auto!","ضع أناناس في السيارة الحمراء!",,
"A__PINEAPPLE__STORE_IN_MEDIUM_STORAGE__THE__CAR__WHITE","Packe eine Ananas in das weiße Auto!","ضع أناناس في السيارة البيضاء!",,
"A__PINEAPPLE__STORE_IN_SMALL_STORAGE__THE__BACKPACK","Packe eine Ananas in den Rucksack!","ضع أناناس في حقيبة الظهر!",,
"THE__DOG__MOVE__ANY",,,,
"THE__DOG__TRAVEL__ANY",,,,
"THE__DOG__TRAVEL__THE__HUT__INSIDE","Bringe den Hund nach drinnen!","أحضر الكلب إلى الداخل!",,
"THE__FRUIT__MOVE__ANY",,,,
"THE__FRUIT__STORE_IN_MEDIUM_STORAGE__THE__CAR__PURPLE","Packe die Frucht in das lilane Auto!","ضع الفاكهة في السيارة البنفسجية!",,
"THE__FRUIT__STORE_IN_MEDIUM_STORAGE__THE__CAR__SILVER","Packe die Frucht in das silberne Auto!","ضع الفاكهة في السيارة الفضية!",,
"THE__HAMMER__STORE_IN_MEDIUM_STORAGE__THE__CAR__BLACK","Packe den Hammer in das schwarze Auto!","ضع المطرقة في السيارة السوداء!",,
"THE__HAMMER__STORE_IN_MEDIUM_STORAGE__THE__CAR__BLUE","Packe den Hammer in das blaue Auto!","ضع المطرقة في السيارة الزرقاء!",,
"THE__HAMMER__STORE_IN_MEDIUM_STORAGE__THE__CAR__PURPLE","Packe den Hammer in das lilane Auto!","ضع المطرقة في السيارة الأرجوانية!",,
"THE__HAMMER__STORE_IN_MEDIUM_STORAGE__THE__CAR__RED","Packe den Hammer in das schwarze Auto!","ضع المطرقة في السيارة السوداء!",,
"THE__KIWI__MOVE__ANY",,,,
"THE__KNIFE__CUT__ANY","Schneide etwas!","اقطع شيئًا ما!",,
"THE__KNIFE__CUT__THE__FRUIT","Schneide die Frucht mit dem Messer!","اقطع الفاكهة بالسكين!",,
"THE__KNIFE__CUT__THE__KIWI","Schneide die Kiwi mit dem Messer!","اقطع الكيوي بالسكين!",,
"THE__KNIFE__MOVE__ANY","Bewege das Messer!","حرّك السكين!",,
"THE__MELON__STORE_IN_MEDIUM_STORAGE__THE__CAR__PURPLE","Packe die Melone in das lilane Auto!","ضع البطيخ في السيارة الأرجوانية!",,
"THE__MELON__STORE_IN_MEDIUM_STORAGE__THE__CAR__WHITE","Packe die Melone in das weiße Auto!","ضع البطيخ في السيارة البيضاء!",,
"THE__YOU__STORE_IN_BIG_STORAGE__THE__BUS","Steige in den Bus!","اركبوا الحافلة!",,
"ANY__STORE_IN_MEDIUM_STORAGE__THE__MAN",,,,
"ANY__STORE_IN_MEDIUM_STORAGE__THE__WOMAN",,,,
"ANY__STORE_IN_SMALL_STORAGE__THE__MAN",,,,
"ANY__STORE_IN_SMALL_STORAGE__THE__WOMAN",,,,
"THE__GIFT__MOVE__ANY",,,,
"THE__GIFT__STORE_IN_MEDIUM_STORAGE__ANY","Schenke jemandem das Geschenk!","أعط الهدية لشخص ما!",,
"THE__GIFT__STORE_IN_MEDIUM_STORAGE__THE__MAN","Schenke das Geschenk dem Mann!","أعط الهدية للرجل!",,
"THE__GIFT__STORE_IN_MEDIUM_STORAGE__THE__WOMAN","Schenke das Geschenk der Frau!","أعط الهدية للمرأة!",,
"THE__GIFT__STORE_IN_SMALL_STORAGE__ANY","Schenke jemandem das Geschenk!","أعط الهدية لشخص ما!",,
"THE__GIFT__STORE_IN_SMALL_STORAGE__THE__MAN","Schenke das Geschenk dem Mann!","أعط الهدية للرجل!",,
"THE__GIFT__STORE_IN_SMALL_STORAGE__THE__WOMAN","Schenke das Geschenk der Frau!","أعط الهدية للمرأة!",,
"THE__MOTHER__MOVE__ANY",,,,
"THE__WOMAN__MOVE__ANY",,,,
"ANY__STORE_IN_MEDIUM_STORAGE__A__CHILD",,,,
"ANY__STORE_IN_MEDIUM_STORAGE__THE__BOY",,,,
"ANY__STORE_IN_MEDIUM_STORAGE__THE__GIRL",,,,
"ANY__STORE_IN_SMALL_STORAGE__A__CHILD",,,,
"ANY__STORE_IN_SMALL_STORAGE__THE__BOY",,,,
"ANY__STORE_IN_SMALL_STORAGE__THE__GIRL",,,,
"A__GIFT__MOVE__ANY",,,,
"A__GIFT__STORE_IN_MEDIUM_STORAGE__ANY","Schenke jemandem das Geschenk!","أعط الهدية لشخص ما!",,
"A__GIFT__STORE_IN_MEDIUM_STORAGE__A__CHILD","Schenke einem Kind ein Geschenk!","أعط هدية للطفل!",,
"A__GIFT__STORE_IN_MEDIUM_STORAGE__THE__BOY","Schenke dem Jungen ein Geschenk!","أعط هدية للولد!",,
"A__GIFT__STORE_IN_MEDIUM_STORAGE__THE__GIRL","Schenke dem Mädchen ein Geschenk!","أعط هدية للفتاة!",,
"A__GIFT__STORE_IN_MEDIUM_STORAGE__THE__MAN","Schenke dem Mann ein Geschenk!","قدم هدية للرجل!",,
"A__GIFT__STORE_IN_MEDIUM_STORAGE__THE__WOMAN","Schenke der Frau ein Geschenk!","أعط هدية للمرأة!",,
"A__GIFT__STORE_IN_SMALL_STORAGE__ANY","Schenke jemandem das Geschenk!","أعط الهدية لشخص ما!",,
"A__GIFT__STORE_IN_SMALL_STORAGE__A__CHILD",,,,
"A__GIFT__STORE_IN_SMALL_STORAGE__THE__BOY","Schenke einem Kind ein Geschenk!","أعط هدية للطفل!",,
"A__GIFT__STORE_IN_SMALL_STORAGE__THE__GIRL","Schenke dem Jungen ein Geschenk!","أعط هدية للولد!",,
"A__GIFT__STORE_IN_SMALL_STORAGE__THE__MAN","Schenke dem Mädchen ein Geschenk!","أعط هدية للفتاة!",,
"A__GIFT__STORE_IN_SMALL_STORAGE__THE__WOMAN","Schenke dem Mann ein Geschenk!","قدم هدية للرجل!",,
"THE__GIFT__STORE_IN_MEDIUM_STORAGE__A__CHILD","Schenke der Frau ein Geschenk!","أعط هدية للمرأة!",,
"THE__GIFT__STORE_IN_MEDIUM_STORAGE__THE__BOY","Schenke dem Jungen ein Geschenk!","أعط الهدية للفتى!",,
"THE__GIFT__STORE_IN_MEDIUM_STORAGE__THE__GIRL","Schenke das Geschenk dem Mädchen!","أعط الهدية للفتاة!",,
"THE__GIFT__STORE_IN_SMALL_STORAGE__A__CHILD",,,,
"THE__GIFT__STORE_IN_SMALL_STORAGE__THE__BOY",,,,
"THE__GIFT__STORE_IN_SMALL_STORAGE__THE__GIRL",,,,
"ANY__STORE_IN_MEDIUM_STORAGE__A__BOY",,,,
"ANY__STORE_IN_MEDIUM_STORAGE__A__BROTHER",,,,
"ANY__STORE_IN_MEDIUM_STORAGE__THE__BROTHER",,,,
"ANY__STORE_IN_SMALL_STORAGE__A__BOY",,,,
"ANY__STORE_IN_SMALL_STORAGE__A__BROTHER",,,,
"ANY__STORE_IN_SMALL_STORAGE__THE__BROTHER",,,,
"A__GIFT__STORE_IN_MEDIUM_STORAGE__A__BOY",,,,
"A__GIFT__STORE_IN_MEDIUM_STORAGE__A__BROTHER",,,,
"A__GIFT__STORE_IN_MEDIUM_STORAGE__THE__BROTHER","Gib dem Bruder ein Geschenk!","قدم هدية للأخ!",,
"A__GIFT__STORE_IN_SMALL_STORAGE__A__BOY",,,,
"A__GIFT__STORE_IN_SMALL_STORAGE__A__BROTHER",,,,
"A__GIFT__STORE_IN_SMALL_STORAGE__THE__BROTHER",,,,
"THE__GIFT__STORE_IN_MEDIUM_STORAGE__A__BOY",,,,
"THE__GIFT__STORE_IN_MEDIUM_STORAGE__A__BROTHER",,,,
"THE__GIFT__STORE_IN_SMALL_STORAGE__A__BOY",,,,
"THE__GIFT__STORE_IN_SMALL_STORAGE__A__BROTHER",,,,
"THE__SISTER__MOVE__ANY",,,,
"ANY__STORE_IN_MEDIUM_STORAGE__THE__SISTER",,,,
"ANY__STORE_IN_SMALL_STORAGE__THE__SISTER",,,,
"A__GIFT__STORE_IN_MEDIUM_STORAGE__THE__SISTER","Gib der Schwester ein Geschenk!","أعط الأخت هدية!",,
"A__GIFT__STORE_IN_SMALL_STORAGE__THE__SISTER",,,,
"ANY__BRUSH__ANY",,,,
"ANY__BRUSH__THE__WOMAN_HAIR_BLACK","Die dunkelhaarige Frau möchte sich die Haare bürsten.","المرأة ذات الشعر الداكن تريد تمشيط شعرها.",,
"ANY__BRUSH__THE__WOMAN_HAIR_BLONDE","Die blonde Frau möchte sich die Haare bürsten.","المرأة السمراء تريد تمشيط شعرها.",,
"ANY__BRUSH__THE__WOMAN_HAIR_BRUNETTE","Die brünette Frau möchte sich die Haare bürsten.","المرأة السمراء تريد تمشيط شعرها.",,
"ANY__DRIES__ANY",,,,
"ANY__DRIES__THE__WOMAN_HAIR_BLACK","Die dunkelhaarige Frau möchte die Haare trocknen.","المرأة ذات الشعر الداكن تريد تجفيف شعرها.",,
"ANY__DRIES__THE__WOMAN_HAIR_BLONDE","Die blonde Frau möchte die Haare trocknen.","المرأة الشقراء تريد تجفيف شعرها.",,
"ANY__DRIES__THE__WOMAN_HAIR_BRUNETTE","Die brünette Frau möchte die Haare trocknen.","المرأة السمراء تريد تجفيف شعرها.",,
"ANY__STORE_IN_MEDIUM_STORAGE__THE__COUPLE","Geben Sie dem Paar etwas.","أعطِ الزوجين شيئاً.",,
"ANY__STORE_IN_MEDIUM_STORAGE__THE__TODDLER","Geben Sie dem Kleinkind etwas.","أعطِ الطفل شيئاً ما.",,
"ANY__STORE_IN_MEDIUM_STORAGE__THE__WOMAN_HAIR_BLACK",,,,
"ANY__STORE_IN_MEDIUM_STORAGE__THE__WOMAN_HAIR_BLONDE",,,,
"ANY__STORE_IN_MEDIUM_STORAGE__THE__WOMAN_HAIR_BRUNETTE",,,,
"ANY__STORE_IN_SMALL_STORAGE__THE__COUPLE","Gib dem Paar etwas.","أعطِ الزوجين شيئاً.",,
"ANY__STORE_IN_SMALL_STORAGE__THE__TODDLER","Geben Sie dem Kleinkind etwas.","أعط الطفل شيئاً ما.",,
"ANY__STORE_IN_SMALL_STORAGE__THE__WOMAN_HAIR_BLACK",,,,
"ANY__STORE_IN_SMALL_STORAGE__THE__WOMAN_HAIR_BLONDE",,,,
"ANY__STORE_IN_SMALL_STORAGE__THE__WOMAN_HAIR_BRUNETTE",,,,
"THE__HAIR_BRUSH__BRUSH__ANY",,,,
"THE__HAIR_BRUSH__BRUSH__THE__WOMAN_HAIR_BLACK","Die dunkelhaarige Frau möchte sich die Haare bürsten.","المرأة ذات الشعر الداكن تريد تمشيط شعرها.",,
"THE__HAIR_BRUSH__BRUSH__THE__WOMAN_HAIR_BLONDE","Die blonde Frau möchte sich die Haare bürsten.","المرأة الشقراء تريد تمشيط شعرها.",,
"THE__HAIR_BRUSH__BRUSH__THE__WOMAN_HAIR_BRUNETTE","Die brünette Frau möchte sich die Haare bürsten.","المرأة السمراء تريد تمشيط شعرها.",,
"THE__HAIR_BRUSH__MOVE__ANY",,,,
"THE__HAIR_BRUSH__STORE_IN_MEDIUM_STORAGE__ANY",,,,
"THE__HAIR_BRUSH__STORE_IN_MEDIUM_STORAGE__THE__WOMAN_HAIR_BLACK","Die dunkelhaarige Frau möchte sich die Haare bürsten.","المرأة ذات الشعر الداكن تريد تمشيط شعرها.",,
"THE__HAIR_BRUSH__STORE_IN_MEDIUM_STORAGE__THE__WOMAN_HAIR_BLONDE","Die blonde Frau möchte sich die Haare bürsten.","المرأة الشقراء تريد تمشيط شعرها.",,
"THE__HAIR_BRUSH__STORE_IN_MEDIUM_STORAGE__THE__WOMAN_HAIR_BRUNETTE","Die brünette Frau möchte sich die Haare bürsten.","المرأة السمراء تريد تمشيط شعرها.",,
"THE__HAIR_BRUSH__STORE_IN_SMALL_STORAGE__ANY",,,,
"THE__HAIR_BRUSH__STORE_IN_SMALL_STORAGE__THE__WOMAN_HAIR_BLACK","Die dunkelhaarige Frau möchte sich die Haare bürsten.","المرأة ذات الشعر الداكن تريد تمشيط شعرها.",,
"THE__HAIR_BRUSH__STORE_IN_SMALL_STORAGE__THE__WOMAN_HAIR_BLONDE","Die blonde Frau möchte sich die Haare bürsten.","المرأة الشقراء تريد تمشيط شعرها.",,
"THE__HAIR_BRUSH__STORE_IN_SMALL_STORAGE__THE__WOMAN_HAIR_BRUNETTE","Die brünette Frau möchte sich die Haare bürsten.","المرأة السمراء تريد تمشيط شعرها.",,
"THE__TOY__DRIES__ANY",,,,
"THE__TOY__DRIES__THE__WOMAN_HAIR_BLACK",,,,
"THE__TOY__DRIES__THE__WOMAN_HAIR_BLONDE",,,,
"THE__TOY__DRIES__THE__WOMAN_HAIR_BRUNETTE",,,,
"THE__TOY__MOVE__ANY",,,,
"THE__TOY__STORE_IN_MEDIUM_STORAGE__ANY",,,,
"THE__TOY__STORE_IN_MEDIUM_STORAGE__THE__TODDLER",,,,
"THE__TOY__STORE_IN_MEDIUM_STORAGE__THE__WOMAN_HAIR_BLACK",,,,
"THE__TOY__STORE_IN_MEDIUM_STORAGE__THE__WOMAN_HAIR_BLONDE",,,,
"THE__TOY__STORE_IN_MEDIUM_STORAGE__THE__WOMAN_HAIR_BRUNETTE",,,,
"THE__TOY__STORE_IN_SMALL_STORAGE__ANY",,,,
"THE__TOY__STORE_IN_SMALL_STORAGE__THE__TODDLER",,,,
"THE__TOY__STORE_IN_SMALL_STORAGE__THE__WOMAN_HAIR_BLACK",,,,
"THE__TOY__STORE_IN_SMALL_STORAGE__THE__WOMAN_HAIR_BLONDE",,,,
"THE__TOY__STORE_IN_SMALL_STORAGE__THE__WOMAN_HAIR_BRUNETTE",,,,
"THE__WEDDING_RINGS__MOVE__ANY",,,,
"THE__WEDDING_RINGS__STORE_IN_MEDIUM_STORAGE__ANY",,,,
"THE__WEDDING_RINGS__STORE_IN_MEDIUM_STORAGE__THE__COUPLE","Gib dem Paar den Ehering!","Gib dem Paar den Ehering!",,
"THE__WEDDING_RINGS__STORE_IN_SMALL_STORAGE__ANY",,,,
"THE__WEDDING_RINGS__STORE_IN_SMALL_STORAGE__THE__COUPLE",,,,
"THE__WEDDING_RING__MOVE__ANY",,,,
"THE__WEDDING_RING__STORE_IN_MEDIUM_STORAGE__ANY",,,,
"THE__WEDDING_RING__STORE_IN_MEDIUM_STORAGE__THE__COUPLE",,,,
"THE__WEDDING_RING__STORE_IN_SMALL_STORAGE__ANY",,,,
"THE__WEDDING_RING__STORE_IN_SMALL_STORAGE__THE__COUPLE",,,,
"ANY__BRUSH__A__WOMAN",,,,
"ANY__BRUSH__A__WOMAN_HAIR_BLACK","Die dunkelhaarige Frau möchte sich die Haare bürsten.","المرأة ذات الشعر الداكن تريد تمشيط شعرها.",,
"ANY__BRUSH__A__WOMAN_HAIR_BLONDE","Die blonde Frau möchte sich die Haare bürsten.","المرأة الشقراء تريد تمشيط شعرها.",,
"ANY__BRUSH__A__WOMAN_HAIR_BRUNETTE","Die brünette Frau möchte sich die Haare bürsten.","المرأة السمراء تريد تمشيط شعرها.",,
"ANY__DRY__ANY",,,,
"ANY__DRY__A__WOMAN",,,,
"ANY__DRY__A__WOMAN_HAIR_BLACK","Die dunkelhaarige Frau möchte sich die Haare trocknen.","المرأة ذات الشعر الداكن تريد تجفيف شعرها.",,
"ANY__DRY__A__WOMAN_HAIR_BLONDE","Die blonde Frau möchte sich die Haare trocknen.","المرأة الشقراء تريد تجفيف شعرها.",,
"ANY__DRY__A__WOMAN_HAIR_BRUNETTE","Die brünette Frau möchte sich die Haare trocknen.","المرأة السمراء تريد تجفيف شعرها.",,
"ANY__DRY__THE__WOMAN_HAIR_BLACK","Die dunkelhaarige Frau möchte sich die Haare trocknen.","المرأة ذات الشعر الداكن تريد تجفيف شعرها.",,
"ANY__DRY__THE__WOMAN_HAIR_BLONDE","Die blonde Frau möchte sich die Haare trocknen.","المرأة الشقراء تريد تجفيف شعرها.",,
"ANY__DRY__THE__WOMAN_HAIR_BRUNETTE","Die brünette Frau möchte sich die Haare trocknen.","المرأة السمراء تريد تجفيف شعرها.",,
"ANY__FEED__ANY",,,,
"ANY__FEED__A__CAT",,,,
"ANY__FEED__A__CAT__BLACK_WHITE",,,,
"ANY__FEED__A__CAT__BROWN",,,,
"ANY__FEED__A__CAT__GRAY",,,,
"ANY__FEED__A__CAT__SECONDARY_BLUE",,,,
"ANY__FEED__A__CAT__SECONDARY_BROWN",,,,
"ANY__FEED__A__CAT__SECONDARY_GREEN",,,,
"ANY__FEED__A__CAT__SECONDARY_YELLOW",,,,
"ANY__FEED__A__CAT__WHITE",,,,
"ANY__FEED__THE__CAT","Füttere die Katze!","أطعم القط!",,
"ANY__FEED__THE__CAT__BLACK_WHITE","Füttere die schwarz-weiße Katze!","أطعم القط الأسود والأبيض!",,
"ANY__FEED__THE__CAT__BROWN","Füttere die braune Katze!","أطعم القط الأسمر!",,
"ANY__FEED__THE__CAT__GRAY","Füttere die graue Katze!","أطعم القط الرمادي!",,
"ANY__FEED__THE__CAT__SECONDARY_BLUE","Füttere die Katze mit den blauen Augen!","أطعم القطة ذات العيون الزرقاء!",,
"ANY__FEED__THE__CAT__SECONDARY_BROWN","Füttere die Katze mit den braunen Augen!","أطعم القطة ذات العيون البنية!",,
"ANY__FEED__THE__CAT__SECONDARY_GREEN","Füttere die Katze mit den grünen Augen!","أطعم القطة ذات العيون الخضراء!",,
"ANY__FEED__THE__CAT__SECONDARY_YELLOW","Füttere die Katze mit den gelben Augen!","أطعم القطة ذات العيون الصفراء!",,
"ANY__FEED__THE__CAT__WHITE","Füttere die weiße Katze!","أطعم القط الأبيض",,
"ANY__HANG__ANY",,,,
"ANY__HANG__THE__CLOTHES_LINE","Hänge etwas auf!","علّق بعض الملابس!",,
"ANY__HANG__THE__COAT_RACK","Hänge etwas an den Kleiderständer!","علّق شيئًا على رف المعاطف!",,
"ANY__STORE_IN_MEDIUM_STORAGE__A__WOMAN",,,,
"ANY__STORE_IN_MEDIUM_STORAGE__A__WOMAN_HAIR_BLACK",,,,
"ANY__STORE_IN_MEDIUM_STORAGE__A__WOMAN_HAIR_BLONDE",,,,
"ANY__STORE_IN_MEDIUM_STORAGE__A__WOMAN_HAIR_BRUNETTE",,,,
"ANY__STORE_IN_SMALL_STORAGE__A__WOMAN",,,,
"ANY__STORE_IN_SMALL_STORAGE__A__WOMAN_HAIR_BLACK",,,,
"ANY__STORE_IN_SMALL_STORAGE__A__WOMAN_HAIR_BLONDE",,,,
"ANY__STORE_IN_SMALL_STORAGE__A__WOMAN_HAIR_BRUNETTE",,,,
"A__CAP__HANG__ANY","Häng die Mütze auf!",,,
"A__CAP__HANG__THE__COAT_RACK","Häng die Mütze an die Garderobe!",,,
"A__CAP__MOVE__ANY",,,,
"A__CAT_FOOD__FEED__ANY",,,,
"A__CAT_FOOD__FEED__A__CAT",,,,
"A__CAT_FOOD__FEED__A__CAT__BLACK_WHITE",,,,
"A__CAT_FOOD__FEED__A__CAT__BROWN",,,,
"A__CAT_FOOD__FEED__A__CAT__GRAY",,,,
"A__CAT_FOOD__FEED__A__CAT__SECONDARY_BLUE",,,,
"A__CAT_FOOD__FEED__A__CAT__SECONDARY_BROWN",,,,
"A__CAT_FOOD__FEED__A__CAT__SECONDARY_GREEN",,,,
"A__CAT_FOOD__FEED__A__CAT__SECONDARY_YELLOW",,,,
"A__CAT_FOOD__FEED__A__CAT__WHITE",,,,
"A__CAT_FOOD__FEED__THE__CAT__BLACK_WHITE",,,,
"A__CAT_FOOD__FEED__THE__CAT__BROWN",,,,
"A__CAT_FOOD__FEED__THE__CAT__GRAY",,,,
"A__CAT_FOOD__FEED__THE__CAT__SECONDARY_BLUE","Füttere die Katze mit den blauen Augen!","أطعم القطة ذات العيون الزرقاء!",,
"A__CAT_FOOD__FEED__THE__CAT__SECONDARY_BROWN","Füttere die Katze mit den braunen Augen!","أطعم القطة ذات العيون البنية!",,
"A__CAT_FOOD__FEED__THE__CAT__SECONDARY_GREEN","Füttere die Katze mit den grünen Augen!","أطعم القطة ذات العيون الخضراء!",,
"A__CAT_FOOD__FEED__THE__CAT__SECONDARY_YELLOW","Füttere die Katze mit den gelben Augen!","أطعم القطة ذات العيون الصفراء!",,
"A__CAT_FOOD__FEED__THE__CAT__WHITE","Füttere die weiße Katze!","أطعم القطة البيضاء!",,
"A__CAT_FOOD__MOVE__ANY",,,,
"A__COAT__HANG__ANY","Hänge einen Mantel auf!","علّق معطفاً!",,
"A__COAT__HANG__THE__COAT_RACK",,,,
"A__COAT__MOVE__ANY",,,,
"A__COMB__BRUSH__ANY",,,,
"A__COMB__BRUSH__A__WOMAN",,,,
"A__COMB__BRUSH__A__WOMAN_HAIR_BRUNETTE",,,,
"A__COMB__BRUSH__THE__WOMAN_HAIR_BLACK",,,,
"A__COMB__BRUSH__THE__WOMAN_HAIR_BLONDE",,,,
"A__COMB__BRUSH__THE__WOMAN_HAIR_BRUNETTE",,,,
"A__COMB__MOVE__ANY",,,,
"A__COMB__STORE_IN_MEDIUM_STORAGE__ANY",,,,
"A__COMB__STORE_IN_MEDIUM_STORAGE__A__WOMAN",,,,
"A__COMB__STORE_IN_MEDIUM_STORAGE__A__WOMAN_HAIR_BRUNETTE",,,,
"A__COMB__STORE_IN_MEDIUM_STORAGE__THE__WOMAN_HAIR_BLACK",,,,
"A__COMB__STORE_IN_MEDIUM_STORAGE__THE__WOMAN_HAIR_BLONDE",,,,
"A__COMB__STORE_IN_MEDIUM_STORAGE__THE__WOMAN_HAIR_BRUNETTE",,,,
"A__COMB__STORE_IN_SMALL_STORAGE__ANY",,,,
"A__COMB__STORE_IN_SMALL_STORAGE__A__WOMAN",,,,
"A__COMB__STORE_IN_SMALL_STORAGE__A__WOMAN_HAIR_BRUNETTE",,,,
"A__COMB__STORE_IN_SMALL_STORAGE__THE__WOMAN_HAIR_BLACK",,,,
"A__COMB__STORE_IN_SMALL_STORAGE__THE__WOMAN_HAIR_BLONDE",,,,
"A__COMB__STORE_IN_SMALL_STORAGE__THE__WOMAN_HAIR_BRUNETTE",,,,
"A__HAIR_BRUSH__BRUSH__ANY",,,,
"A__HAIR_BRUSH__BRUSH__A__WOMAN",,,,
"A__HAIR_BRUSH__BRUSH__A__WOMAN_HAIR_BLONDE",,,,
"A__HAIR_BRUSH__BRUSH__THE__WOMAN_HAIR_BLACK",,,,
"A__HAIR_BRUSH__BRUSH__THE__WOMAN_HAIR_BRUNETTE",,,,
"A__HAIR_BRUSH__MOVE__ANY",,,,
"A__HAIR_BRUSH__STORE_IN_MEDIUM_STORAGE__ANY",,,,
"A__HAIR_BRUSH__STORE_IN_MEDIUM_STORAGE__A__WOMAN",,,,
"A__HAIR_BRUSH__STORE_IN_MEDIUM_STORAGE__A__WOMAN_HAIR_BLONDE",,,,
"A__HAIR_BRUSH__STORE_IN_MEDIUM_STORAGE__THE__WOMAN_HAIR_BLACK",,,,
"A__HAIR_BRUSH__STORE_IN_MEDIUM_STORAGE__THE__WOMAN_HAIR_BRUNETTE",,,,
"A__HAIR_BRUSH__STORE_IN_SMALL_STORAGE__ANY",,,,
"A__HAIR_BRUSH__STORE_IN_SMALL_STORAGE__A__WOMAN",,,,
"A__HAIR_BRUSH__STORE_IN_SMALL_STORAGE__A__WOMAN_HAIR_BLONDE",,,,
"A__HAIR_BRUSH__STORE_IN_SMALL_STORAGE__THE__WOMAN_HAIR_BLACK",,,,
"A__HAIR_BRUSH__STORE_IN_SMALL_STORAGE__THE__WOMAN_HAIR_BRUNETTE",,,,
"A__HAIR_DRYER__DRY__ANY",,,,
"A__HAIR_DRYER__DRY__A__WOMAN",,,,
"A__HAIR_DRYER__DRY__A__WOMAN_HAIR_BLONDE",,,,
"A__HAIR_DRYER__DRY__THE__WOMAN_HAIR_BLONDE",,,,
"A__HAIR_DRYER__DRY__THE__WOMAN_HAIR_BRUNETTE",,,,
"A__HAIR_DRYER__MOVE__ANY",,,,
"A__HAIR_DRYER__STORE_IN_MEDIUM_STORAGE__ANY",,,,
"A__HAIR_DRYER__STORE_IN_MEDIUM_STORAGE__A__WOMAN",,,,
"A__HAIR_DRYER__STORE_IN_MEDIUM_STORAGE__A__WOMAN_HAIR_BLONDE",,,,
"A__HAIR_DRYER__STORE_IN_MEDIUM_STORAGE__THE__WOMAN_HAIR_BLONDE",,,,
"A__HAIR_DRYER__STORE_IN_MEDIUM_STORAGE__THE__WOMAN_HAIR_BRUNETTE",,,,
"A__HAIR_DRYER__STORE_IN_SMALL_STORAGE__ANY",,,,
"A__HAIR_DRYER__STORE_IN_SMALL_STORAGE__A__WOMAN",,,,
"A__HAIR_DRYER__STORE_IN_SMALL_STORAGE__A__WOMAN_HAIR_BLONDE",,,,
"A__HAIR_DRYER__STORE_IN_SMALL_STORAGE__THE__WOMAN_HAIR_BLONDE",,,,
"A__HAIR_DRYER__STORE_IN_SMALL_STORAGE__THE__WOMAN_HAIR_BRUNETTE",,,,
"A__HAT__HANG__ANY","Häng einen Hut auf!","علّق قبعة",,
"A__HAT__HANG__THE__COAT_RACK","Häng einen Hut an die Garderobe!","علّق قبعة على رف المعاطف!",,
"A__HAT__MOVE__ANY",,,,
"A__JEANS__DARK_BLUE__HANG__ANY","Häng eine dunkelblaue Jeans auf!","علق بنطلون جينز أزرق داكن!",,
"A__JEANS__DARK_BLUE__HANG__THE__CLOTHES_LINE","Häng eine dunkelblaue Jeans auf die Wäscheleine!","علق بنطلون جينز أزرق داكن على حبل الغسيل!",,
"A__JEANS__DARK_BLUE__MOVE__ANY",,,,
"A__JEANS__HANG__ANY","Häng Jeans auf!","علّق بنطلون جينز!",,
"A__JEANS__HANG__THE__CLOTHES_LINE",,,,
"A__JEANS__LIGHT_BLUE__HANG__ANY","Häng eine hellblaue Jeans auf!","علّق بنطلون جينز أزرق فاتح!",,
"A__JEANS__LIGHT_BLUE__HANG__THE__CLOTHES_LINE",,,,
"A__JEANS__LIGHT_BLUE__MOVE__ANY",,,,
"A__JEANS__MOVE__ANY",,,,
"A__SAKKO__HANG__ANY","Häng ein Sakko auf!","علّق سترة!",,
"A__SAKKO__HANG__THE__CLOTHES_LINE",,,,
"A__SAKKO__MOVE__ANY",,,,
"A__SHIRT__HANG__ANY","Häng ein Hemd auf!","علّق قميصاً!",,
"A__SHIRT__HANG__THE__CLOTHES_LINE",,,,
"A__SHIRT__MOVE__ANY",,,,
"A__TOY__DRY__ANY",,,,
"A__TOY__DRY__A__WOMAN",,,,
"A__TOY__DRY__A__WOMAN_HAIR_BRUNETTE",,,,
"A__TOY__MOVE__ANY",,,,
"A__TOY__STORE_IN_MEDIUM_STORAGE__ANY",,,,
"A__TOY__STORE_IN_MEDIUM_STORAGE__A__WOMAN",,,,
"A__TOY__STORE_IN_MEDIUM_STORAGE__A__WOMAN_HAIR_BRUNETTE",,,,
"A__TOY__STORE_IN_SMALL_STORAGE__ANY",,,,
"A__TOY__STORE_IN_SMALL_STORAGE__A__WOMAN",,,,
"A__TOY__STORE_IN_SMALL_STORAGE__A__WOMAN_HAIR_BRUNETTE",,,,
"THE__BEANIE__HANG__ANY","Häng eine Mütze auf!",,,
"THE__BEANIE__HANG__THE__COAT_RACK",,,,
"THE__BEANIE__MOVE__ANY",,,,
"THE__CAT_FOOD__FEED__ANY",,,,
"THE__CAT_FOOD__FEED__A__CAT",,,,
"THE__CAT_FOOD__FEED__A__CAT__BLACK_WHITE",,,,
"THE__CAT_FOOD__FEED__A__CAT__SECONDARY_GREEN",,,,
"THE__CAT_FOOD__FEED__THE__CAT","Füttere die Katze!","أطعم القط!",,
"THE__CAT_FOOD__FEED__THE__CAT__GRAY","Füttere die graue Katze!","أطعم القط الرمادي!",,
"THE__CAT_FOOD__FEED__THE__CAT__SECONDARY_YELLOW",,,,
"THE__CAT_FOOD__MOVE__ANY",,,,
"THE__COAT__HANG__ANY",,,,
"THE__COAT__HANG__THE__COAT_RACK",,,,
"THE__COAT__MOVE__ANY",,,,
"THE__COMB__BRUSH__ANY",,,,
"THE__COMB__BRUSH__A__WOMAN",,,,
"THE__COMB__BRUSH__A__WOMAN_HAIR_BLONDE",,,,
"THE__COMB__BRUSH__A__WOMAN_HAIR_BRUNETTE",,,,
"THE__COMB__BRUSH__THE__WOMAN_HAIR_BLACK",,,,
"THE__COMB__BRUSH__THE__WOMAN_HAIR_BLONDE",,,,
"THE__COMB__BRUSH__THE__WOMAN_HAIR_BRUNETTE",,,,
"THE__COMB__MOVE__ANY",,,,
"THE__COMB__STORE_IN_MEDIUM_STORAGE__ANY",,,,
"THE__COMB__STORE_IN_MEDIUM_STORAGE__A__WOMAN",,,,
"THE__COMB__STORE_IN_MEDIUM_STORAGE__A__WOMAN_HAIR_BLONDE",,,,
"THE__COMB__STORE_IN_MEDIUM_STORAGE__A__WOMAN_HAIR_BRUNETTE",,,,
"THE__COMB__STORE_IN_MEDIUM_STORAGE__THE__WOMAN_HAIR_BLACK",,,,
"THE__COMB__STORE_IN_MEDIUM_STORAGE__THE__WOMAN_HAIR_BLONDE",,,,
"THE__COMB__STORE_IN_MEDIUM_STORAGE__THE__WOMAN_HAIR_BRUNETTE",,,,
"THE__COMB__STORE_IN_SMALL_STORAGE__ANY",,,,
"THE__COMB__STORE_IN_SMALL_STORAGE__A__WOMAN",,,,
"THE__COMB__STORE_IN_SMALL_STORAGE__A__WOMAN_HAIR_BLONDE",,,,
"THE__COMB__STORE_IN_SMALL_STORAGE__A__WOMAN_HAIR_BRUNETTE",,,,
"THE__COMB__STORE_IN_SMALL_STORAGE__THE__WOMAN_HAIR_BLACK",,,,
"THE__COMB__STORE_IN_SMALL_STORAGE__THE__WOMAN_HAIR_BLONDE",,,,
"THE__COMB__STORE_IN_SMALL_STORAGE__THE__WOMAN_HAIR_BRUNETTE",,,,
"THE__DRESS__HANG__ANY","Häng das Kleid auf!","علّقي الفستان",,
"THE__DRESS__HANG__THE__CLOTHES_LINE",,,,
"THE__DRESS__MOVE__ANY",,,,
"THE__HAIR_BRUSH__BRUSH__A__WOMAN",,,,
"THE__HAIR_BRUSH__BRUSH__A__WOMAN_HAIR_BLACK",,,,
"THE__HAIR_BRUSH__BRUSH__A__WOMAN_HAIR_BLONDE",,,,
"THE__HAIR_BRUSH__BRUSH__A__WOMAN_HAIR_BRUNETTE",,,,
"THE__HAIR_BRUSH__STORE_IN_MEDIUM_STORAGE__A__WOMAN",,,,
"THE__HAIR_BRUSH__STORE_IN_MEDIUM_STORAGE__A__WOMAN_HAIR_BLACK",,,,
"THE__HAIR_BRUSH__STORE_IN_MEDIUM_STORAGE__A__WOMAN_HAIR_BLONDE",,,,
"THE__HAIR_BRUSH__STORE_IN_MEDIUM_STORAGE__A__WOMAN_HAIR_BRUNETTE",,,,
"THE__HAIR_BRUSH__STORE_IN_SMALL_STORAGE__A__WOMAN",,,,
"THE__HAIR_BRUSH__STORE_IN_SMALL_STORAGE__A__WOMAN_HAIR_BLACK",,,,
"THE__HAIR_BRUSH__STORE_IN_SMALL_STORAGE__A__WOMAN_HAIR_BLONDE",,,,
"THE__HAIR_BRUSH__STORE_IN_SMALL_STORAGE__A__WOMAN_HAIR_BRUNETTE",,,,
"THE__HAIR_DRYER__DRY__ANY",,,,
"THE__HAIR_DRYER__DRY__A__WOMAN",,,,
"THE__HAIR_DRYER__DRY__THE__WOMAN_HAIR_BLONDE",,,,
"THE__HAIR_DRYER__DRY__THE__WOMAN_HAIR_BRUNETTE",,,,
"THE__HAIR_DRYER__MOVE__ANY",,,,
"THE__HAIR_DRYER__STORE_IN_MEDIUM_STORAGE__ANY",,,,
"THE__HAIR_DRYER__STORE_IN_MEDIUM_STORAGE__A__WOMAN",,,,
"THE__HAIR_DRYER__STORE_IN_MEDIUM_STORAGE__THE__WOMAN_HAIR_BLONDE",,,,
"THE__HAIR_DRYER__STORE_IN_MEDIUM_STORAGE__THE__WOMAN_HAIR_BRUNETTE",,,,
"THE__HAIR_DRYER__STORE_IN_SMALL_STORAGE__ANY",,,,
"THE__HAIR_DRYER__STORE_IN_SMALL_STORAGE__A__WOMAN",,,,
"THE__HAIR_DRYER__STORE_IN_SMALL_STORAGE__THE__WOMAN_HAIR_BLONDE",,,,
"THE__HAIR_DRYER__STORE_IN_SMALL_STORAGE__THE__WOMAN_HAIR_BRUNETTE",,,,
"THE__HAT__HANG__ANY","Häng den Hut auf!","ارفع قبعتك",,
"THE__HAT__HANG__THE__COAT_RACK",,,,
"THE__HAT__MOVE__ANY",,,,
"THE__JEANS__DARK_BLUE__HANG__ANY","Häng die dunkelblauen Jeans auf!","علّق الجينز الأزرق الداكن!",,
"THE__JEANS__DARK_BLUE__HANG__THE__CLOTHES_LINE",,,,
"THE__JEANS__DARK_BLUE__MOVE__ANY",,,,
"THE__JEANS__HANG__ANY",,,,
"THE__JEANS__HANG__THE__CLOTHES_LINE","Häng die Jeans auf!","!علّق الجينز",,
"THE__JEANS__LIGHT_BLUE__HANG__ANY","Häng die hellblauen Jeans auf!","علّق الجينز الأزرق الفاتح!",,
"THE__JEANS__LIGHT_BLUE__HANG__THE__CLOTHES_LINE",,,,
"THE__JEANS__LIGHT_BLUE__MOVE__ANY",,,,
"THE__JEANS__MOVE__ANY",,,,
"THE__KUFIYYEH__HANG__ANY","Häng das Kufiya auf!","علقوا الكوفية!",,
"THE__KUFIYYEH__HANG__THE__CLOTHES_LINE",,,,
"THE__KUFIYYEH__MOVE__ANY",,,,
"THE__SAKKO__HANG__ANY","Häng das Sakko auf!","علّق السترة!",,
"THE__SAKKO__HANG__THE__CLOTHES_LINE",,,,
"THE__SAKKO__MOVE__ANY",,,,
"THE__SHIRT__HANG__ANY",,,,
"THE__SHIRT__HANG__THE__CLOTHES_LINE","Häng das Hemd auf die Leine!","علّق القميص على الحبل!",,
"THE__SHIRT__MOVE__ANY",,,,
"THE__TOY__DRY__ANY",,,,
"THE__TOY__DRY__A__WOMAN",,,,
"THE__TOY__DRY__A__WOMAN_HAIR_BLACK",,,,
"THE__TOY__DRY__A__WOMAN_HAIR_BLONDE",,,,
"THE__TOY__DRY__THE__WOMAN_HAIR_BLACK",,,,
"THE__TOY__DRY__THE__WOMAN_HAIR_BRUNETTE",,,,
"THE__TOY__STORE_IN_MEDIUM_STORAGE__A__WOMAN",,,,
"THE__TOY__STORE_IN_MEDIUM_STORAGE__A__WOMAN_HAIR_BLACK",,,,
"THE__TOY__STORE_IN_MEDIUM_STORAGE__A__WOMAN_HAIR_BLONDE",,,,
"THE__TOY__STORE_IN_SMALL_STORAGE__A__WOMAN",,,,
"THE__TOY__STORE_IN_SMALL_STORAGE__A__WOMAN_HAIR_BLACK",,,,
"THE__TOY__STORE_IN_SMALL_STORAGE__A__WOMAN_HAIR_BLONDE",,,,
"ANY__STORE_IN_BIG_STORAGE__ANY",,,,
"ANY__STORE_IN_BIG_STORAGE__A__BUS",,,,
"ANY__STORE_IN_BIG_STORAGE__A__BUS__BLUE",,,,
"ANY__STORE_IN_BIG_STORAGE__A__BUS__RED_AND_YELLOW",,,,
"ANY__STORE_IN_BIG_STORAGE__THE__BUS__BLUE",,,,
"ANY__STORE_IN_BIG_STORAGE__THE__BUS__RED_AND_YELLOW",,,,
"ANY__STORE_IN_MEDIUM_STORAGE__ANY",,,,
"ANY__STORE_IN_MEDIUM_STORAGE__A__CAR",,,,
"ANY__STORE_IN_MEDIUM_STORAGE__A__SHOPPING_CART",,,,
"ANY__STORE_IN_MEDIUM_STORAGE__A__SHOPPING_CART__RIGHT",,,,
"ANY__STORE_IN_MEDIUM_STORAGE__THE__CAR__BLUE",,,,
"ANY__STORE_IN_MEDIUM_STORAGE__THE__CAR__PINK",,,,
"ANY__STORE_IN_MEDIUM_STORAGE__THE__CAR__SILVER",,,,
"ANY__STORE_IN_MEDIUM_STORAGE__THE__CAR__YELLOW",,,,
"ANY__STORE_IN_SMALL_STORAGE__ANY",,,,
"ANY__STORE_IN_SMALL_STORAGE__A__BACKPACK",,,,
"ANY__STORE_IN_SMALL_STORAGE__THE__BACKPACK",,,,
"ANY__TRAVEL__A__PARKING_LOT",,,,
"ANY__TRAVEL__THE__HUT",,,,
"A__BACKPACK__MOVE__ANY",,,,
"A__BACKPACK__STORE_IN_MEDIUM_STORAGE__ANY",,,,
"A__BACKPACK__STORE_IN_MEDIUM_STORAGE__A__CAR",,,,
"A__BACKPACK__STORE_IN_MEDIUM_STORAGE__THE__CAR__BLUE",,,,
"A__BACKPACK__STORE_IN_MEDIUM_STORAGE__THE__CAR__YELLOW",,,,
"A__BEANIE__HANG__ANY","Hänge eine Mütze auf!","علّق قبعة",,
"A__BEANIE__HANG__THE__COAT_RACK",,,,
"A__BEANIE__MOVE__ANY",,,,
"A__DRESS__HANG__ANY","Hänge ein Kleid auf!","علّق فستاناً!",,
"A__DRESS__HANG__THE__CLOTHES_LINE",,,,
"A__DRESS__MOVE__ANY",,,,
"A__FRUIT__MOVE__ANY",,,,
"A__FRUIT__STORE_IN_MEDIUM_STORAGE__ANY",,,,
"A__FRUIT__STORE_IN_MEDIUM_STORAGE__A__CAR",,,,
"A__FRUIT__STORE_IN_MEDIUM_STORAGE__THE__CAR__PINK",,,,
"A__FRUIT__STORE_IN_MEDIUM_STORAGE__THE__CAR__RED",,,,
"A__FRUIT__STORE_IN_MEDIUM_STORAGE__THE__CAR__SILVER",,,,
"A__FRUIT__STORE_IN_MEDIUM_STORAGE__THE__CAR__YELLOW",,,,
"A__FRUIT__STORE_IN_SMALL_STORAGE__ANY",,,,
"A__FRUIT__STORE_IN_SMALL_STORAGE__THE__BACKPACK",,,,
"A__HAIR_BRUSH__BRUSH__THE__WOMAN_HAIR_BLONDE",,,,
"A__HAIR_BRUSH__STORE_IN_MEDIUM_STORAGE__THE__WOMAN_HAIR_BLONDE",,,,
"A__HAIR_BRUSH__STORE_IN_SMALL_STORAGE__THE__WOMAN_HAIR_BLONDE",,,,
"A__HAIR_DRYER__DRY__THE__WOMAN_HAIR_BLACK",,,,
"A__HAIR_DRYER__STORE_IN_MEDIUM_STORAGE__THE__WOMAN_HAIR_BLACK",,,,
"A__HAIR_DRYER__STORE_IN_SMALL_STORAGE__THE__WOMAN_HAIR_BLACK",,,,
"A__HAMMER__MOVE__ANY",,,,
"A__HAMMER__STORE_IN_MEDIUM_STORAGE__ANY",,,,
"A__HAMMER__STORE_IN_MEDIUM_STORAGE__A__CAR","Packe einen Hammer in ein Auto!","ضع مطرقة في السيارة!",,
"A__HAMMER__STORE_IN_MEDIUM_STORAGE__THE__CAR__YELLOW","Packe einen Hammer in das gelbe Auto!","ضع مطرقة في سيارة صفراء!",,
"A__KUFIYYEH__HANG__ANY","Hänge ein Kufiya auf!","علق كوفية!",,
"A__KUFIYYEH__HANG__THE__CLOTHES_LINE",,,,
"A__KUFIYYEH__MOVE__ANY",,,,
"A__MELON__MOVE__ANY",,,,
"A__MELON__STORE_IN_MEDIUM_STORAGE__ANY",,,,
"A__MELON__STORE_IN_MEDIUM_STORAGE__A__CAR","Packe eine Melone in ein Auto!","ضع بطيخة في سيارة!",,
"A__MELON__STORE_IN_MEDIUM_STORAGE__THE__CAR__PINK","Packe eine Melone in das pinke Auto!","ضع بطيخة في السيارة الوردية!",,
"A__MELON__STORE_IN_SMALL_STORAGE__ANY","Packe eine Melone ein!","احزم بطيخة!",,
"A__PINEAPPLE__MOVE__ANY",,,,
"A__PINEAPPLE__STORE_IN_MEDIUM_STORAGE__ANY",,,,
"A__PINEAPPLE__STORE_IN_MEDIUM_STORAGE__A__CAR","Packe eine Ananas in ein Auto!","احزم الأناناس في السيارة!",,
"A__PINEAPPLE__STORE_IN_MEDIUM_STORAGE__THE__CAR__YELLOW","Packe eine Ananas in das gelbe Auto!","ضع الأناناس في سيارة صفراء!",,
"A__PINEAPPLE__STORE_IN_SMALL_STORAGE__ANY",,,,
"THE__BACKPACK__MOVE__ANY",,,,
"THE__BACKPACK__STORE_IN_MEDIUM_STORAGE__ANY",,,,
"THE__BACKPACK__STORE_IN_MEDIUM_STORAGE__A__CAR","Packe den Rucksack in ein Auto!","ضع حقيبة الظهر في سيارة!",,
"THE__BACKPACK__STORE_IN_MEDIUM_STORAGE__THE__CAR__BLUE","Packe den Rucksack in das blaue Auto","ضع حقيبة الظهر في السيارة الزرقاء",,
"THE__BACKPACK__STORE_IN_MEDIUM_STORAGE__THE__CAR__PINK","Packe den Rucksack in das pinke Auto!","ضع حقيبة الظهر في السيارة الوردية!",,
"THE__BACKPACK__STORE_IN_MEDIUM_STORAGE__THE__CAR__RED","Packe den Rucksack in das rote Auto!","ضع حقيبة الظهر في السيارة الحمراء!",,
"THE__BACKPACK__STORE_IN_MEDIUM_STORAGE__THE__CAR__SILVER","Packe den Rucksack in das silberne Auto!","ضع الحقيبة في السيارة الفضية!",,
"THE__BACKPACK__STORE_IN_MEDIUM_STORAGE__THE__CAR__YELLOW","Packe den Rucksack in das gelbe Auto!","ضع الحقيبة في السيارة الصفراء!",,
"THE__BANANA__MOVE__ANY",,,,
"THE__BANANA__STORE_IN_SMALL_STORAGE__ANY",,,,
"THE__BANANA__STORE_IN_SMALL_STORAGE__A__CHILD",,,,
"THE__BANANA__STORE_IN_SMALL_STORAGE__THE__BOY","Gib dem Jungen die Banane!","أعط الموزة للفتى!",,
"THE__BANANA__STORE_IN_SMALL_STORAGE__THE__GIRL","Gib dem Mädchen die Banane!","أعط الموزة للفتاة!",,
"THE__CAP__HANG__ANY",,,,
"THE__CAP__HANG__THE__COAT_RACK",,,,
"THE__CAP__MOVE__ANY",,,,
"THE__CAR_KEYS__MOVE__ANY",,,,
"THE__CAR__TRAVEL__A__PARKING_LOT",,,,
"THE__DOG__TRAVEL__THE__HUT",,,,
"THE__FRUIT__STORE_IN_MEDIUM_STORAGE__ANY",,,,
"THE__FRUIT__STORE_IN_MEDIUM_STORAGE__A__CAR",,,,
"THE__FRUIT__STORE_IN_MEDIUM_STORAGE__A__SHOPPING_CART",,,,
"THE__FRUIT__STORE_IN_MEDIUM_STORAGE__A__SHOPPING_CART__RIGHT","Packe die Frucht in den rechten Einkaufswagen!","ضع الفاكهة في عربة التسوق على اليمين!",,
"THE__FRUIT__STORE_IN_MEDIUM_STORAGE__THE__CAR__BLACK",,,,
"THE__FRUIT__STORE_IN_MEDIUM_STORAGE__THE__CAR__BLUE",,,,
"THE__FRUIT__STORE_IN_MEDIUM_STORAGE__THE__CAR__PINK",,,,
"THE__FRUIT__STORE_IN_MEDIUM_STORAGE__THE__CAR__RED",,,,
"THE__FRUIT__STORE_IN_MEDIUM_STORAGE__THE__CAR__WHITE",,,,
"THE__FRUIT__STORE_IN_MEDIUM_STORAGE__THE__CAR__YELLOW",,,,
"THE__FRUIT__STORE_IN_SMALL_STORAGE__ANY",,,,
"THE__FRUIT__STORE_IN_SMALL_STORAGE__A__BACKPACK",,,,
"THE__FRUIT__STORE_IN_SMALL_STORAGE__A__CHILD",,,,
"THE__FRUIT__STORE_IN_SMALL_STORAGE__THE__BACKPACK",,,,
"THE__FRUIT__STORE_IN_SMALL_STORAGE__THE__BOY",,,,
"THE__FRUIT__STORE_IN_SMALL_STORAGE__THE__GIRL",,,,
"THE__HAIR_DRYER__DRY__THE__WOMAN_HAIR_BLACK",,,,
"THE__HAIR_DRYER__STORE_IN_MEDIUM_STORAGE__THE__WOMAN_HAIR_BLACK",,,,
"THE__HAIR_DRYER__STORE_IN_SMALL_STORAGE__THE__WOMAN_HAIR_BLACK",,,,
"THE__HAMMER__MOVE__ANY",,,,
"THE__HAMMER__STORE_IN_MEDIUM_STORAGE__ANY",,,,
"THE__HAMMER__STORE_IN_MEDIUM_STORAGE__A__CAR",,,,
"THE__HAMMER__STORE_IN_MEDIUM_STORAGE__THE__CAR__SILVER",,,,
"THE__HAMMER__STORE_IN_SMALL_STORAGE__ANY",,,,
"THE__HAMMER__STORE_IN_SMALL_STORAGE__A__BACKPACK",,,,
"THE__HAMMER__STORE_IN_SMALL_STORAGE__THE__BACKPACK",,,,
"THE__KEYS__MOVE__ANY",,,,
"THE__MELON__MOVE__ANY",,,,
"THE__MELON__STORE_IN_MEDIUM_STORAGE__ANY",,,,
"THE__MELON__STORE_IN_MEDIUM_STORAGE__A__CAR",,,,
"THE__MELON__STORE_IN_MEDIUM_STORAGE__A__SHOPPING_CART",,,,
"THE__MELON__STORE_IN_MEDIUM_STORAGE__A__SHOPPING_CART__RIGHT",,,,
"THE__MELON__STORE_IN_MEDIUM_STORAGE__THE__CAR__SILVER",,,,
"THE__MELON__STORE_IN_MEDIUM_STORAGE__THE__CAR__YELLOW",,,,
"THE__MELON__STORE_IN_SMALL_STORAGE__ANY",,,,
"THE__MELON__STORE_IN_SMALL_STORAGE__THE__BACKPACK",,,,
"THE__PINEAPPLE__MOVE__ANY",,,,
"THE__PINEAPPLE__STORE_IN_MEDIUM_STORAGE__ANY",,,,
"THE__PINEAPPLE__STORE_IN_MEDIUM_STORAGE__A__CAR",,,,
"THE__PINEAPPLE__STORE_IN_MEDIUM_STORAGE__THE__CAR__BLUE",,,,
"THE__PINEAPPLE__STORE_IN_MEDIUM_STORAGE__THE__CAR__GREEN",,,,
"THE__PINEAPPLE__STORE_IN_MEDIUM_STORAGE__THE__CAR__PINK",,,,
"THE__PINEAPPLE__STORE_IN_MEDIUM_STORAGE__THE__CAR__RED",,,,
"THE__PINEAPPLE__STORE_IN_MEDIUM_STORAGE__THE__CAR__SILVER",,,,
"THE__PINEAPPLE__STORE_IN_MEDIUM_STORAGE__THE__CAR__YELLOW",,,,
"THE__PINEAPPLE__STORE_IN_SMALL_STORAGE__ANY",,,,
"THE__PINEAPPLE__STORE_IN_SMALL_STORAGE__A__BACKPACK",,,,
"THE__PINEAPPLE__STORE_IN_SMALL_STORAGE__THE__BACKPACK",,,,
"THE__KIFE__CUT__THE__KIWI","Schneide die Kiwi mit dem Messer!","قطع الكيوي بسكين!","Lõika kiivi noaga!",
"A__MELON__STORE_IN__A__CAR","Packe eine Melone in ein Auto!","ضع البطيخ في السيارة!","Pane melon autosse!",
"A__MELON__STORE_IN__THE__SUITCASE","Packe eine Melone in den Koffer!","ضع البطيخ في الحقيبة!","Pane melon kohvrisse!",
"THE__POTTED_PLANT__STORE_IN__A__CAR","Packe die Topfplanze in ein Auto!","ضع أصيص النبات في سيارة!","Pane potitaim autosse!",
"THE__SUITCASE__STORE_IN__A__CAR","Packe den Koffer in ein Auto!","ضع الحقيبة في سيارة!","Pane kohver autosse!",
"A__POTTED_PLANT__STORE_IN__A__CAR","Packe eine Topfpflanze in ein Auto!","ضع أصيص النبات في سيارة!","Pane potitaim autosse!",
"A__SUITCASE__STORE_IN__A__CAR","Packe einen Koffer in ein Auto!","ضع الحقيبة في سيارة!","Paki kohver autosse!",
"THE__FAN__STORE_IN__A__CAR","Packe den Ventilator in ein Auto!","احزم المروحة في سيارة!","Paki ventilaator autosse!",
"THE__GLOBE__STORE_IN__A__CAR","Packe den Globus in ein Auto!","احزم الكرة الأرضية في سيارة!","Pakkige maakera autosse!",
"THE__MELON__STORE_IN__A__CAR","Packe die Melone in ein Auto!","احزم البطيخ في سيارة!","Paki melon autosse!",
"THE__MELON__STORE_IN__A__SUITCASE","Packe die Melone in einen Koffer!","احزم البطيخ في حقيبة!","Paki melon kohvrisse!",
"THE__MELON__STORE_IN__THE__SUITCASE","Packe die Melone in den Koffer!","احزم البطيخ في حقيبة!","Pakkige melon kohvrisse!",
"A__FAN__STORE_IN__A__CAR","Packe einen Ventilator in ein Auto!","احزم مروحة في السيارة!","Paki autosse ventilaator!",
"A__GLOBE__STORE_IN__A__CAR","Packe einen Globus in ein Auto!","احزم كرة أرضية في السيارة!","Pakkige gloobus autosse!",
"A__SHOES__STORE_IN__THE__CAR","Packe ein Paar Schuhe in das Auto!","احزم زوجًا من الأحذية في السيارة!","Paki autosse kingapaar!",
"A__SHOES__STORE_IN__THE__SUITCASE","Packe ein Paar Schuhe in den Koffer!","احزم زوجًا من الأحذية في السيارة!","Pakkige kingapaar kohvrisse!",
"A__SUITCASE__STORE_IN__THE__CAR","Packe einen Koffer in das Auto!","احزم حقيبة في السيارة!","Pakkige kohver autosse!",
"A__WATER-BOTTLE__STORE_IN__THE__CAR","Packe eine Wasserflasche in das Auto!","احزم زجاجة ماء في السيارة!","Paki veepudel autosse!",
"A__WATER-BOTTLE__STORE_IN__THE__SUITCASE","Packe eine Wasserflasche in den Koffer!","احزم زجاجة ماء في الحقيبة!","Paki veepudel kohvrisse!",
"THE__SHOES__STORE_IN__A__SUITCASE","Packe die Schuhe in einen Koffer!","احزم الحذاء في الحقيبة!","Paki kingad kohvrisse!",
"THE__SHOES__STORE_IN__THE__CAR","Packe die Schuhe in das Auto!","ضع الحذاء في السيارة!","Pane kingad autosse!",
"THE__SHOES__STORE_IN__THE__SUITCASE","Packe die Schuhe in den Koffer!","ضع الحذاء في الحقيبة!","Paki kingad kohvrisse!",
"THE__SUITCASE__STORE_IN__THE__CAR","Packe den Koffer in das Auto!","ضع الحقيبة في السيارة!","Pane kohver autosse!",
"THE__WATER-BOTTLE__STORE_IN__A__SUITCASE","Packe die Wasserflasche in einen Koffer!","احزم زجاجة الماء في الحقيبة!","Paki veepudel kohvrisse!",
"THE__WATER-BOTTLE__STORE_IN__THE__CAR","Packe die Wasserflasche in das Auto!","احزم زجاجة الماء في السيارة!","Paki veepudel autosse!",
"THE__WATER-BOTTLE__STORE_IN__THE__SUITCASE","Packe die Wasserflasche in den Koffer!","ضع زجاجة الماء في الحقيبة!","Paki veepudel kohvrisse!",
"A__CAT_FOOD__GIVE__A__CAT","Füttere eine Katze!","أطعم القطة!","Sööda kassi!",
"A__CAT_FOOD__GIVE__THE__BROWN__CAT","Füttere die braune Katze!","أطعم القط الأسمر!","Sööda pruuni kassi!",
"A__CAT_FOOD__GIVE__THE__GREY__CAT","Füttere die graue Katze!","أطعم القط الرمادي!","Sööda halli kassi!",
"A__CAT_FOOD__GIVE__THE__WHITE__CAT","Füttere die weiße Katze!","أطعم القطة البيضاء!","Söötke valget kassi!",
"THE__CAR__PARK__A__PARKING_LOT","Park das Auto!","أوقف السيارة!","Parkige auto!",
"THE__CAR__PARK__THE__PARKING_LOT__BEHIND/TOP_OF__THE__HOUSE","Park das Auto hinter dem Haus!","أوقف السيارة خلف المنزل!","Parkige auto maja taha!",
"THE__CAR__PARK__THE__PARKING_LOT__BELOW/INFRONT_OF__THE__HOUSE","Park das Auto vor dem Haus!","أوقف السيارة أمام المنزل!","Parkige auto maja ette!",
"THE__CAR__PARK__THE__PARKING_LOT__LEFT_OF__THE__HOUSE","Park das Auto links vom Haus!","أوقف السيارة على يسار المنزل!","Parkige auto majast vasakule!",
"THE__CAR__PARK__THE__PARKING_LOT__RIGHT_OF__THE__HOUSE","Park das Auto rechts vom Haus!","أوقف السيارة على يمين المنزل!","Parkige auto maja paremale poole!",
"THE__CAT_FOOD__GIVE__A__CAT","Füttere eine Katze!","أطعم القطة!","Sööda kassi!",
"THE__CAT_FOOD__GIVE__THE__BROWN__CAT","Füttere die braune Katze!","أطعم القطة البنية!","Sööda pruuni kassi!",
"THE__CAT_FOOD__GIVE__THE__GREY__CAT","Füttere die graue Katze!","أطعم القطة الرمادية!","Sööda halli kassi!",
"THE__CAT_FOOD__GIVE__THE__WHITE__CAT","Füttere die weiße Katze!","أطعم القطة البيضاء!","Sööda valget kassi!",
"THE__CHARACTER_WOMAN__BOARD__A__BUS","Steig in den Bus!","اركب الحافلة!","Istu bussi peale!",
"THE__CHARACTER_WOMAN__BOARD__THE__BUS__AT_BACK","Steig in den hinteren Bus!","اركبوا الحافلة الخلفية!","Istu tagumisse bussi!",
"THE__CHARACTER_WOMAN__BOARD__THE__BUS__AT_FRONT","Steig in den vorderen Bus!","!اركبوا الحافلة الأمامية","Istu esi bussis!",
"THE__CHARACTER_WOMAN__BOARD__THE__BUS__IN_MIDDLE","Steig in den mittleren Bus!","!اركبوا الحافلة الوسطى","Istu keskmisesse bussi!",
"A__AVOCADO__PLACE_ON/IN__A__BOWL","Leg eine Avocado in eine Schüssel!","ضع أفوكادو في وعاء!","Pane avokaado kaussi!",
"A__AVOCADO__PLACE_ON/IN__THE__BOWL","Leg eine Avocado in die Schüssel!","ضع أفوكادو في الوعاء!","Pane avokaado kaussi!",
"A__BROCCOLI_CUT__PLACE_ON/IN__THE__BOWL","Leg einen geschnittenen Brokkoli in die Schüssel!","ضعي شرائح البروكلي في الوعاء!","Pane kaussi viilutatud brokoli!",
"A__BROCCOLI__PLACE_ON/IN__THE__BOWL","Leg einen Brokkoli in die Schüssel!","ضع البروكلي في الوعاء!","Pane kaussi brokoli!",
"A__HAND__PULL__THE__CAR","Öffne die Autotür!","افتح باب السيارة!","Avage auto uks!",
"A__HAND__PULL__THE__DOOR_PUSH_TO_OPEN","Schließ die Tür!","أغلق الباب!","Sulge uks!",
"A__HAND__PUSH__THE__CAR","Schließ die Autotür!","أغلق باب السيارة!","Sulge auto uks!",
"A__HAND__PUSH__THE__DOOR_PUSH_TO_OPEN","Öffne die Tür!","افتح الباب!","Avage uks!",
"A__LEMON_CUT__PLACE_ON/IN__THE__BOWL","Leg eine geschnittene Zitrone in die Schüssel!","ضعي شريحة ليمون في الوعاء!","Pane kaussi viilutatud sidrun!",
"A__LEMON__PLACE_ON/IN__THE__BOWL","Leg eine Zitrone in die Schüssel!","ضع ليمونة في الوعاء!","Pane sidrun kaussi!",
"A__ONION__PLACE_ON/IN__THE__BOWL","Leg eine Zwiebel in die Schüssel!","ضع بصلة في الوعاء!","Pane sibul kaussi!",
"A__WATERMELON_CUT__PLACE_ON/IN__A__BOWL","Leg eine geschnittene Wassermelone in eine Schüssel!","ضعي بطيخة مقطعة إلى شرائح في الوعاء!","Pane kaussi viilutatud arbuus!",
"A__WATERMELON_CUT__PLACE_ON/IN__THE__BOWL","Leg eine geschnittene Wassermelone in die Schüssel!","ضعي بطيخة مقطعة إلى شرائح في الوعاء!","Pane viilutatud arbuus kaussi!",
"A__WATERMELON__PLACE_ON/IN__A__BOWL","Leg eine Wassermelone in eine Schüssel!","ضع بطيخة في وعاء!","Pange arbuus kaussi!",
"A__WATERMELON__PLACE_ON/IN__THE__BOWL","Leg eine Wassermelone in die Schüssel!","ضع بطيخة في الوعاء!","Pane arbuus kaussi!",
"THE__AVOCADO_CUT__PLACE_ON/IN__THE__BOWL","Leg die geschnittene Avokado in die Schüssel!","ضعي شرائح الأفوكادو في وعاء!","Pange viilutatud avokaado kaussi!",
"THE__AVOCADO__PLACE_ON/IN__A__BOWL","Leg die Avocado in eine Schüssel!","ضع الأفوكادو في وعاء!","Pange avokaado kaussi!",
"THE__AVOCADO__PLACE_ON/IN__THE__BOWL","Leg die Avocado in die Schüssel!","ضعي الأفوكادو في الوعاء!","Pange avokaado kaussi!",
"THE__BROCCOLI_CUT__PLACE_ON/IN__A__BOWL","Leg den geschnittenen Brokkoli in eine Schüssel!","ضعي شرائح البروكلي المقطعة في وعاء!","Pange viilutatud brokoli kaussi!",
"THE__BROCCOLI_CUT__PLACE_ON/IN__THE__BOWL","Leg den geschnittenen Brokkoli in die Schüssel!","ضعي شرائح البروكلي في وعاء!","Pange viilutatud brokoli kaussi!",
"THE__BROCCOLI__PLACE_ON/IN__A__BOWL","Leg den Brokkoli in eine Schüssel!","ضعي البروكلي في وعاء!","Pange brokoli kaussi!",
"THE__BROCCOLI__PLACE_ON/IN__THE__BOWL","Leg den Brokkoli in die Schüssel!","ضعي البروكلي في الوعاء!","Pange brokoli kaussi!",
"THE__CAR_KEYS__LOCK__THE__CAR","Schließ das Auto ab!","أقفل السيارة!","Lukustage auto!",
"THE__CAR_KEYS__UNLOCK__THE__CAR","Schließ das Auto auf!","افتحي السيارة!","Ava auto lahti!",
"THE__CAR__PARK__THE__PARKING_LOT","Park das Auto!","أركن السيارة!","Parkige auto!",
"THE__CAT_FOOD__GIVE__THE__CAT","Füttere die Katze!","أطعم القطة!","Sööda kassi!",
"THE__CAT_FOOD__GIVE__THE__DOG","Füttere den Hund!","أطعم الكلب!","Sööda koera!",
"THE__CHARACTER_WOMAN__BOARD__THE__BUS","Steig in den Bus!","اركب الحافلة!","Istu bussi!",
"THE__HAND__PULL__THE__CAR","Öffne die Autotür!","افتح باب السيارة!","Ava auto uks!",
"THE__HAND__PULL__THE__CARDBOARD_BOX","Öffne die Box!","افتح الصندوق!","Avage karp!",
"THE__HAND__PULL__THE__DOOR_PUSH_TO_OPEN","Schließ die Tür!","أغلق الباب!","Sulge uks!",
"THE__HAND__PUSH__THE__CAR","Schließ die Autotür!","أغلق باب السيارة!","Sulge auto uks!",
"THE__HAND__PUSH__THE__DOOR_PUSH_TO_OPEN","Öffne die Tür!","افتح الباب!","Avage uks!",
"THE__KEY_OLD__LOCK__THE__DOOR_PUSH_TO_OPEN","Schließ die Tür ab!","أغلق الباب!","Lukusta uks!",
"THE__KEY_OLD__UNLOCK__THE__DOOR_PUSH_TO_OPEN","Schließ die Tür auf!","افتح الباب!","Ava uks lahti!",
"THE__KIFE__CUT__A__BROCCOLI","Schneide einen Brokkoli!","اقطع البروكلي!","Lõika brokoli!",
"THE__KIFE__CUT__A__KIWI","Schneide eine Kiwi!","اقطع الكيوي!","Lõika kiivi!",
"THE__KIFE__CUT__A__LEMON","Schneide eine Zitrone!","اقطع ليمونة!","Lõika sidrun!",
"THE__KIFE__CUT__A__ONION","Schneide eine Zwiebel!","اقطع بصلة!","Lõika sibul!",
"THE__KIFE__CUT__A__WATERMELON","Schneide eine Wassermelone!","قطع البطيخ!","Lõika arbuus!",
"THE__KIFE__CUT__THE__AVOCADO","Schneide die Avokado!","قطع الأفوكادو!","Lõika avokaado!",
"THE__KIFE__CUT__THE__BROCCOLI","Schneide den Brokkoli!","قطع البروكلي!","Lõika brokoli!",
"THE__KIFE__CUT__THE__LEMON","Schneide die Zitrone!","قطع الليمون!","Lõika sidrun!",
"THE__KIFE__CUT__THE__ONION","Schneide die Zwiebel!","اقطع البصل!","Lõika sibul!",
"THE__KIFE__CUT__THE__WATERMELON","Schneide die Wassermelone!","قطع البطيخ!","Lõika arbuus!",
"THE__KIWI_HALVES__PLACE_ON/IN__THE__BOWL","Leg die geschnittene Kiwi in die Schüssel!","ضعي شرائح الكيوي المقطعة في وعاء!","Pane viilutatud kiivit kaussi!",
"THE__KIWI__PLACE_ON/IN__A__BOWL","Leg die Kiwi in eine Schüssel!","ضع الكيوي في وعاء!","Pane kiivi kaussi!",
"THE__KIWI__PLACE_ON/IN__THE__BOWL","Leg die Kiwi in die Schüssel!","ضعي الكيوي في الوعاء!","Pane kiivi kaussi!",
"THE__LEMON_CUT__PLACE_ON/IN__THE__BOWL","Leg die geschnittene Zitrone in die Schüssel!","ضعي شرائح الليمون في وعاء!","Pane viilutatud sidrun kaussi!",
"THE__LEMON__PLACE_ON/IN__A__BOWL","Leg die Zitrone in eine Schüssel!","ضع الليمون في وعاء!","Pane sidrun kaussi!",
"THE__LEMON__PLACE_ON/IN__THE__BOWL","Leg die Zitrone in die Schüssel!","ضعي الليمون في الوعاء!","Pange sidrun kaussi!",
"THE__ONION__PLACE_ON/IN__A__BOWL","Leg die Zwiebel in eine Schüssel!","ضع البصل في وعاء!","Pane sibul kaussi!",
"THE__ONION__PLACE_ON/IN__THE__BOWL","Leg die Zwiebel in die Schüssel!","ضع البصل في وعاء!","Pange sibul kaussi!",
"THE__WATERMELON_CUT__PLACE_ON/IN__A__BOWL","Leg die geschnittene Wassermelone in eine Schüssel!","ضع شرائح البطيخ في وعاء!","Pange viilutatud arbuus kaussi!",
"THE__WATERMELON_CUT__PLACE_ON/IN__THE__BOWL","Leg die geschnittene Wassermelone in die Schüssel!","ضعي شرائح البطيخ في وعاء!","Pange viilutatud arbuus kaussi!",
"THE__WATERMELON__PLACE_ON/IN__A__BOWL","Leg die Wassermelone in eine Schüssel!","ضعي البطيخ في وعاء!","Pange arbuus kaussi!",
"THE__WATERMELON__PLACE_ON/IN__THE__BOWL","Leg die Wassermelone in die Schüssel!","ضعي البطيخ في وعاء!","Pange arbuus kaussi!",
